{
  "project_info": {
    "project_number": "138767702920",
    "firebase_url": "https://fir-39c66-default-rtdb.firebaseio.com",
    "project_id": "fir-39c66",
    "storage_bucket": "fir-39c66.appspot.com"
  },
  "client": [
    {
      "client_info": {
        "mobilesdk_app_id": "1:138767702920:android:72686f6ff194ebd8dcf83d",
        "android_client_info": {
          "package_name": "com.spark.app"
        }
      },
      "oauth_client": [
        {
          "client_id": "138767702920-cv8jd2nrfqkggir6i2avqmacj7r19uh0.apps.googleusercontent.com",
          "client_type": 3
        }
      ],
      "api_key": [
        {
          "current_key": "AIzaSyA3jZR6AyoIZLJy4BKu7JliUfLmdG0-2Rw"
        }
      ],
      "services": {
        "appinvite_service": {
          "other_platform_oauth_client": [
            {
              "client_id": "138767702920-cv8jd2nrfqkggir6i2avqmacj7r19uh0.apps.googleusercontent.com",
              "client_type": 3
            }
          ]
        }
      }
    },
    {
      "client_info": {
        "mobilesdk_app_id": "1:138767702920:android:1a60b70c32ea234adcf83d",
        "android_client_info": {
          "package_name": "com.spark.firebase"
        }
      },
      "oauth_client": [
        {
          "client_id": "138767702920-cv8jd2nrfqkggir6i2avqmacj7r19uh0.apps.googleusercontent.com",
          "client_type": 3
        }
      ],
      "api_key": [
        {
          "current_key": "AIzaSyA3jZR6AyoIZLJy4BKu7JliUfLmdG0-2Rw"
        }
      ],
      "services": {
        "appinvite_service": {
          "other_platform_oauth_client": [
            {
              "client_id": "138767702920-cv8jd2nrfqkggir6i2avqmacj7r19uh0.apps.googleusercontent.com",
              "client_type": 3
            }
          ]
        }
      }
    },
    {
      "client_info": {
        "mobilesdk_app_id": "1:138767702920:android:021f387a0ddd3a8ddcf83d",
        "android_client_info": {
          "package_name": "com.spark.swarajyabiz"
        }
      },
      "oauth_client": [
        {
          "client_id": "138767702920-cv8jd2nrfqkggir6i2avqmacj7r19uh0.apps.googleusercontent.com",
          "client_type": 3
        }
      ],
      "api_key": [
        {
          "current_key": "AIzaSyA3jZR6AyoIZLJy4BKu7JliUfLmdG0-2Rw"
        }
      ],
      "services": {
        "appinvite_service": {
          "other_platform_oauth_client": [
            {
              "client_id": "138767702920-cv8jd2nrfqkggir6i2avqmacj7r19uh0.apps.googleusercontent.com",
              "client_type": 3
            }
          ]
        }
      }
    }
  ],
  "configuration_version": "1"
}